id	datum	url	status	tekens
epilepsieloop-amersfoort-2026-10-10	2026-10-10	https://www.epilepsieloop.nl/project/amersfoort-hoofdlocatie	200	25
epilepsieloop-amersfoort-2026-10-10	2026-10-10	https://www.epilepsieloop.nl/	200	13
epilepsieloop-amersfoort-2026-10-10	2026-10-10	https://www.sein.nl/agenda/epilepsieloop-2026/	200	2873
jan-louter-loop-2026-10-10	2026-10-10	https://inschrijven.nl/form/2026101009211-nl	200	1100
jan-louter-loop-2026-10-10	2026-10-10	https://janlouterloop.nl	200	2520
lovelife-run-amsterdam-2026-10-10	2026-10-10	https://www.fightcancer.nl/event/lovelife-run-amsterdam/home	200	4800
lovelife-run-amsterdam-2026-10-10	2026-10-10	https://www.fightcancer.nl/event/lovelife-run-amsterdam/praktische-informatie	200	3566
run2day-vlinderloop-2026-10-10	2026-10-10	https://inschrijven.nl/form/2026101005155-nl	200	1559
run2day-vlinderloop-2026-10-10	2026-10-10	https://loopgroephouten.nl/vlinderloop-algemene-info/	200	3749
bodyresults-vestingloop-edam-2026-10-11	2026-10-11	https://www.avedam.nl/onze-club/vestingloop.php	200	17233
culture-run-woerden-2026-10-11	2026-10-11	https://atleta.cc/e/hiO4zlALXxey	200	24
de-15-van-wassenaar-2026-10-11	2026-10-11	https://de15vanwassenaar.nl	200	4148
de-15-van-wassenaar-2026-10-11	2026-10-11	https://wassenaarders.nl/2026/09/20/11-oktober-de-15-van-wassenaar	200	4146
de-5-van-groenekan-2026-10-11	2026-10-11	https://inschrijven.nl/form/2026101151650-nl	200	890
napoleon-mijlenloop-2026-10-11	2026-10-11	https://www.noordkopatletiek.nl/napoleon-mijlenloop/	200	10646
sloterplasloop-90e-2026-10-11	2026-10-11	https://inschrijven.nl/form/2026101101101-nl	200	1374
sloterplasloop-90e-2026-10-11	2026-10-11	https://sloterplasloop.nl/	200	5053
sloterplasloop-90e-2026-10-11	2026-10-11	https://www.rondjemokum.nl/programma/	200	1060
jan-koudstaal-dijkloop-2026-10-17	2026-10-17	https://www.avantri.nl/wedstrijden/wedstrijden-avantri/dijkloop/	200	4825
bertusloop-delft-2026-10-18	2026-10-18	https://www.dijc-bertus.nl/index.php/trimlopen/bertusloop	200	2698
goudasfaltloop-2026-10-18	2026-10-18	https://www.goudasfalt.nl/	200	9362
maliebaanloop-2026-10-18	2026-10-18	https://inschrijven.nl/form/2026101805191-nl	200	2336
maliebaanloop-2026-10-18	2026-10-18	https://maliebaanloop.nl/	200	1485
maliebaanloop-2026-10-18	2026-10-18	https://www.vcutrecht.nl/o/Maliebaanloop/activiteiten/Maliebaanloop-2026/118359	200	4367
tcs-amsterdam-marathon-mizuno-halve-marathon-2026-10-18	2026-10-18	https://www.tcsamsterdammarathon.nl/inschrijven	200	6211
tcs-amsterdam-marathon-mizuno-halve-marathon-2026-10-18	2026-10-18	https://www.tcsamsterdammarathon.nl/mizuno-halve-marathon	200	5755
zeezichtloop-petten-2026-10-18	2026-10-18	https://inschrijven.nl/form/2026101851659-nl	200	3154
zeezichtloop-petten-2026-10-18	2026-10-18	https://zeezichtlooppetten.nl/	200	10347
lrrc-bockenloop-2026-10-24	2026-10-24	https://inschrijven.nl/form/2026102407256-nl	200	518
vijfhoekparkloop-2026-10-24	2026-10-24	https://www.avzaanland.nl/index.php?page=996&sid=1	200	4756
droomtijdloop-2026-10-25	2026-10-25	https://droomtijdloop.nl	200	2679
heemstedeloop-2026-10-25	2026-10-25	https://totaltiming.inschrijven.nl/form/2026102503902-nl	200	718
heemstedeloop-2026-10-25	2026-10-25	https://www.heemstedeloop.nl/	200	2162
heemstedeloop-2026-10-25	2026-10-25	https://www.heemstedeloop.nl/info/inschrijven/	200	3561
lidl-wolfskamerloop-2026-10-25	2026-10-25	https://wolfskamerloop.nl/inschrijven/	200	3481
lidl-wolfskamerloop-2026-10-25	2026-10-25	https://wolfskamerloop.nl/	200	2013
lidl-wolfskamerloop-2026-10-25	2026-10-25	https://wolfskamerloop.nl/algemeen/	200	3688
vechtstreek-in-beweging-vib-lopen-2026-10-25	2026-10-25	https://www.viblopen.nl/inschrijven/	200	1303
vechtstreek-in-beweging-vib-lopen-2026-10-25	2026-10-25	https://www.viblopen.nl/	200	2013
westvliet-hartekindloop-2026-10-25	2026-10-25	https://inschrijven.nl/form/2026102551586-nl	200	369
typhoonloop-2026-10-31	2026-10-31	https://inschrijven.nl/form/2026103106240-nl	200	1517
typhoonloop-2026-10-31	2026-10-31	https://avtyphoon.nl/typhoonloop-gorinchem/	200	2675
281ste-wintercup-lelystad-2026-11-01	2026-11-01	https://avspiritlelystad.nl/wintercup/	200	8629
281ste-wintercup-lelystad-2026-11-01	2026-11-01	https://avspiritlelystad.nl/2026/09/14/wintercup-seizoen-2026-2027-gaat-van-start/	200	6275
boerenkoolloop-warmenhuizen-2026-11-01	2026-11-01	https://inschrijven.nl/form/2026110104127-nl	200	877
boerenkoolloop-warmenhuizen-2026-11-01	2026-11-01	https://boerenkoolloop.nl/	200	1387
boerenkoolloop-warmenhuizen-2026-11-01	2026-11-01	https://boerenkoolloop.nl/inschrijven-2/	200	1663
de-zilveren-turfloop-2026-11-01	2026-11-01	https://inschrijven.nl/form/2026110101151-nl	200	2083
de-zilveren-turfloop-2026-11-01	2026-11-01	https://veenlopers.nl/35ste-zilveren-turfloop/	200	5525
drechtstadloop-2026-11-01	2026-11-01	https://drechtstadloop.nl	200	1157
drechtstadloop-2026-11-01	2026-11-01	https://running.life/en/event/drechtstadloop	403	0
egboetsloop-53e-2026-11-01	2026-11-01	https://eventkit.mylaps.com/nl/event/1980	200	2947
egboetsloop-53e-2026-11-01	2026-11-01	https://www.westfrieswegcircuit.nl/	200	1185
halve-van-het-gooi-2026-11-01	2026-11-01	https://inschrijven.nl/form/2026110100294-nl	200	1023
halve-van-het-gooi-2026-11-01	2026-11-01	https://halvevanhetgooi.nl/	200	4411
houtloop-delft-2026-11-01	2026-11-01	https://www.av40.nl/index.php?sid=2	200	3216
houtloop-delft-2026-11-01	2026-11-01	https://running.life/en/event/houtloop-delft/2026-10-04	403	0
nn-the-hague-10k-nn-marathon-the-hague-2026-11-01	2026-11-01	https://nnmarathonthehague.nl/inschrijven/	200	5576
nn-the-hague-10k-nn-marathon-the-hague-2026-11-01	2026-11-01	https://nnmarathonthehague.nl/	200	9066
startbaanrun-2026-11-01	2026-11-01	https://inschrijven.nl/form/2026110102103-nl	200	375
startbaanrun-2026-11-01	2026-11-01	https://startbaanrun.nl/	200	6100
twiskemolenloop-november-2026-11-01	2026-11-01	https://inschrijven.nl/form/2026110101136-nl	200	1692
twiskemolenloop-november-2026-11-01	2026-11-01	https://www.acwaterland.nl/twiskemolenloop/	200	9807
batavia-night-run-2026-11-06	2026-11-06	https://www.batavianightrun.nl/inschrijven	200	4449
batavia-night-run-2026-11-06	2026-11-06	https://www.batavianightrun.nl/	200	3587
dorpsrun-renswoude-2026-11-07	2026-11-07	https://inschrijven.nl/form/2026110751206-nl	200	348
dorpsrun-renswoude-2026-11-07	2026-11-07	https://www.dorpsrunrenswoude.nl/	200	1799
dorpsrun-renswoude-2026-11-07	2026-11-07	https://www.dorpsrunrenswoude.nl/inschrijven/	200	1756
duifpoldertrainingsloop-2026-11-07	2026-11-07	https://www.dehardloper.nl/duifpoldertrainingsloop/	200	1961
schipholloop-halve-marathon-2026-11-07	2026-11-07	https://inschrijven.nl/form/2026110750236-nl	200	1442
schipholloop-halve-marathon-2026-11-07	2026-11-07	https://www.schipholloop.nl/	200	6048
eenhoornloop-2026-11-08	2026-11-08	https://www.loopgroephoorn.nl/eenhoornloop/	200	2771
flevo-fun-run-ronde-1-2026-11-08	2026-11-08	https://www.tvz-zeewolde.nl/	200	3846
flevo-fun-run-ronde-1-2026-11-08	2026-11-08	https://finishlijn.nl/hardloopwedstrijden/flevo-fun-run	200	4085
halve-marathon-gouda-2026-11-08	2026-11-08	https://inschrijven.nl/form/2026110850972-nl	200	223
halve-marathon-gouda-2026-11-08	2026-11-08	https://halvemarathongouda.nl	200	848
inofec-maastunnelloop-2026-11-08	2026-11-08	https://inschrijven.nl/form/2026110851345-nl	200	1198
inofec-maastunnelloop-2026-11-08	2026-11-08	https://epicruns.nl/maastunnelloop/	200	5208
klaverbladloop-2026-11-08	2026-11-08	https://inschrijven.nl/form/2026110810218-nl	200	946
klaverbladloop-2026-11-08	2026-11-08	https://www.ilion.nl/index.php?page=Klaverbladloop	200	1503
olympisch-stadionloop-2026-11-08	2026-11-08	https://inschrijven.nl/form/2026110801110-nl	200	749
olympisch-stadionloop-2026-11-08	2026-11-08	https://olympischstadionloop.nl/	200	11991
olympisch-stadionloop-2026-11-08	2026-11-08	https://olympischstadionloop.nl/inschrijven/	200	3273
amersfoort-night-run-2026-11-13	2026-11-13	https://www.amersfoortnightrun.nl/inschrijven	200	4553
amersfoort-night-run-2026-11-13	2026-11-13	https://www.amersfoortnightrun.nl/	200	3837
run2day-vlinderloop-2026-11-14	2026-11-14	https://loopgroephouten.nl/vlinderloop-algemene-info/	200	3749
vijfhoekparkloop-2026-11-14	2026-11-14	https://www.avzaanland.nl/index.php?page=996&sid=1	200	4756
bertusloop-delft-2026-11-15	2026-11-15	https://www.dijc-bertus.nl/index.php/trimlopen/bertusloop	200	2698
de-knikker-zegerplasloop-2026-11-15	2026-11-15	https://www.aav36.nl/zegerplasloop	200	2791
de-ronde-venen-marathon-10-km-2026-11-15	2026-11-15	https://inschrijven.nl/form/2026111550616-nl	200	541
de-ronde-venen-marathon-10-km-2026-11-15	2026-11-15	https://www.derondevenenmarathon.nl/	200	6838
de-ronde-venen-marathon-10-km-2026-11-15	2026-11-15	https://www.derondevenenmarathon.nl/inschrijven/	200	2365
sterke-start-loop-2026-11-15	2026-11-15	https://atleta.cc/e/Vh33zZXNi8Lp	200	17
sterke-start-loop-2026-11-15	2026-11-15	https://strongbabies.nl/help-mee/evenementen/sterkestartloop	200	4522
utrecht-science-park-night-run-2026-11-20	2026-11-20	https://www.uspnightrun.nl/inschrijven	200	4625
utrecht-science-park-night-run-2026-11-20	2026-11-20	https://www.uspnightrun.nl/	200	3847
utrecht-science-park-night-run-2026-11-20	2026-11-20	https://www.uspnightrun.nl/programma	200	2959
av-suomi-sinterklaasloop-2026-11-22	2026-11-22	https://www.avsuomi.nl/	200	2593
av-suomi-sinterklaasloop-2026-11-22	2026-11-22	https://www.avsuomi.nl/index.php?page=Agenda&sid=2	200	1549
av-suomi-sinterklaasloop-2026-11-22	2026-11-22	https://running.life/running-calendar/netherlands/noord-holland?page=3	403	0
ava-zorg-en-zekerheid-westeinderloop-2026-11-22	2026-11-22	https://avaalsmeer.nl/index.php?amp=&page=1984&sid=2	200	5265
ava-zorg-en-zekerheid-westeinderloop-2026-11-22	2026-11-22	https://avaalsmeer.nl/	200	40000
vechtstreek-in-beweging-vib-lopen-2026-11-22	2026-11-22	https://www.viblopen.nl/inschrijven/	200	1303
vechtstreek-in-beweging-vib-lopen-2026-11-22	2026-11-22	https://www.viblopen.nl/	200	2013
vijfhoekparkloop-2026-11-28	2026-11-28	https://www.avzaanland.nl/index.php?page=996&sid=1	200	4756
spijkenisse-marathon-2026-11-29	2026-11-29	https://www.spijkenissemarathon.nl/	200	537
